"OBJECTID","Num_Cases","xcoord","ycoord","Label","Address","City","Region","Postal","CountryCode"
"1","1","-0.140033817387156","51.513268272662998","Carnaby Street","27 Kingly Street","London","England","W1B 5","GBR"
"2","3","-0.139874596281148","51.511226470395897","Vigo Street","Burlington Building, Heddon Street","London","England","W1B 4","GBR"
"3","1","-0.139916819716508","51.511274586393","Vigo Street","33 Heddon Street","London","England","W1B 4","GBR"
"4","2","-0.139587436605368","51.513537574011202","Carnaby Street","20 Fouberts Place","London","England","W1F 7","GBR"
"5","1","-0.139681937110528","51.512994008594902","Carnaby Street","21 Kingly Street","London","England","W1B 5","GBR"
"6","2","-0.139587436605368","51.513537574011202","Carnaby Street","20 Fouberts Place","London","England","W1F 7","GBR"
"7","1","-0.139478996678526","51.5150007225594","Marlbourough Mews","West End House, Ramillies Place","London","England","W1F 7","GBR"
"8","1","-0.139344201362725","51.514097289640603","Carnaby Street","35 Carnaby Street","London","England","W1F 7","GBR"
"9","1","-0.139205889018725","51.512939958779199","Carnaby Street","20 Ganton Street","London","England","W1F 7","GBR"
"10","1","-0.13942101231352","51.510773543644198","Vigo Street","7 Heddon Street","London","England","W1B 4","GBR"
"11","1","-0.139186105759799","51.5134559021744","Carnaby Street","34 Carnaby Street","London","England","W1F 7","GBR"
"12","1","-0.139205889018725","51.512939958779199","Carnaby Street","20 Ganton Street","London","England","W1F 7","GBR"
"13","1","-0.13931999323341","51.513675696934598","Carnaby Street","26 Fouberts Place","London","England","W1F 7","GBR"
"14","1","-0.139273610535977","51.5129084822604","Carnaby Street","22 Ganton Street","London","England","W1F 7","GBR"
"15","2","-0.139256736439463","51.512846654223502","Carnaby Street","23 Ganton Street","London","England","W1F 7","GBR"
"16","1","-0.139113287756969","51.513486756876198","Carnaby Street","13 Newburgh Street","London","England","W1F 7","GBR"
"17","1","-0.139085981356615","51.513001333738799","Carnaby Street","16 Ganton Street","London","England","W1F 7","GBR"
"18","8","-0.139161576606196","51.512895491784199","Carnaby Street","23 Ganton Street","London","England","W1F 7","GBR"
"19","1","-0.138967695977617","51.513241640733902","Carnaby Street","41 Carnaby Street","London","England","W1F 7","GBR"
"20","2","-0.139020901208985","51.513358186061801","Carnaby Street","15 Newburgh Street","London","England","W1F 7","GBR"
"21","2","-0.139028954355658","51.512959547841398","Carnaby Street","15 Ganton Street","London","England","W1F 7","GBR"
"22","1","-0.138887122325685","51.513029280062703","Carnaby Street","15 Ganton Street","London","England","W1F 7","GBR"
"23","1","-0.138971851264461","51.513312648177902","Carnaby Street","24 Carnaby Street","London","England","W1F 7","GBR"
"24","1","-0.138975241786429","51.513572041803201","Carnaby Street","3 Lowndes Court","London","England","W1F 7","GBR"
"25","3","-0.138812054848137","51.513749348067897","Carnaby Street","9 Newburgh Street","London","England","W1F 7","GBR"
"26","1","-0.13878872664123","51.513614378737699","Carnaby Street","13 Newburgh Street","London","England","W1F 7","GBR"
"27","1","-0.138812054848137","51.513749348067897","Carnaby Street","9 Newburgh Street","London","England","W1F 7","GBR"
"28","1","-0.138669172385002","51.513602536279997","Carnaby Street","6 Newburgh Street","London","England","W1F 7","GBR"
"29","1","-0.138564957224572","51.513171652749897","Carnaby Street","16 Carnaby Street","London","England","W1F 7","GBR"
"30","1","-0.138449817792468","51.513296729093","Carnaby Street","16 Newburgh Street","London","England","W1F 7","GBR"
"31","1","-0.138394086609071","51.5126980984261","Warwick Street","50 Carnaby Street","London","England","W1F 7","GBR"
"32","1","-0.138563304325975","51.513504476318701","Carnaby Street","3 Newburgh Street","London","England","W1F 7","GBR"
"33","1","-0.138601611794949","51.512382628215597","Warwick Street","5 Kingly Street","London","England","W1B 5","GBR"
"34","3","-0.138564957224572","51.513171652749897","Carnaby Street","16 Carnaby Street","London","England","W1F 7","GBR"
"35","1","-0.138320471190267","51.512728210027603","Warwick Street","68 Broadwick Street","London","England","W1F 9","GBR"
"36","1","-0.138564957224572","51.513171652749897","Carnaby Street","16 Carnaby Street","London","England","W1F 7","GBR"
"37","1","-0.138171277680753","51.513329111243898","Carnaby Street","16 Carnaby Street","London","England","W1F 7","GBR"
"38","2","-0.138281655631744","51.5133546145805","Carnaby Street","6 Ganton Street","London","England","W1F 7","GBR"
"39","4","-0.138564957224572","51.513171652749897","Carnaby Street","16 Carnaby Street","London","England","W1F 7","GBR"
"40","1","-0.138205453703018","51.513665441306401","Carnaby Street","35 Marshall Street","London","England","W1F 7","GBR"
"41","1","-0.138235321986692","51.513830747887397","Carnaby Street","City of Westminister Dwellings, Marshall Street","London","England","W1F 7","GBR"
"42","3","-0.138171277680753","51.513329111243898","Carnaby Street","16 Carnaby Street","London","England","W1F 7","GBR"
"43","2","-0.138205453703018","51.513665441306401","Carnaby Street","35 Marshall Street","London","England","W1F 7","GBR"
"44","2","-0.137965766873658","51.512927029543803","Broad Street","68 Broadwick Street","London","England","W1F 9","GBR"
"45","1","-0.138143790314053","51.513400361606401","Carnaby Street","37 Marshall Street","London","England","W1F 7","GBR"
"46","1","-0.137965766873658","51.512927029543803","Broad Street","68 Broadwick Street","London","England","W1F 9","GBR"
"47","1","-0.138151525663452","51.512467992436299","Warwick Street","54 Carnaby Street","London","England","W1F 9","GBR"
"48","2","-0.138171277680753","51.513329111243898","Carnaby Street","16 Carnaby Street","London","England","W1F 7","GBR"
"49","2","-0.138089621516068","51.513641989433999","Carnaby Street","19 Marshall Street","London","England","W1F 7","GBR"
"50","1","-0.138023327769059","51.513429491118103","Broad Street","2 Ganton Street","London","England","W1F 7","GBR"
"51","1","-0.138022173573009","51.511905650032197","Warwick Street","30 Upper John Street","London","England","W1F 9","GBR"
"52","1","-0.138083019387297","51.512402249366303","Warwick Street","55 Carnaby Street","London","England","W1F 9","GBR"
"53","1","-0.138009080637933","51.51243205067","Warwick Street","4 Carnaby Street","London","England","W1F 9","GBR"
"54","2","-0.137950143351119","51.513331996551997","Broad Street","16 Carnaby Street","London","England","W1F 7","GBR"
"55","1","-0.138009080637933","51.51243205067","Warwick Street","4 Carnaby Street","London","England","W1F 9","GBR"
"56","4","-0.13794392084422","51.513453229879602","Broad Street","14 Marshall Street","London","England","W1F 7","GBR"
"57","3","-0.137810465699251","51.514713302829001","Marlbourough Mews","3 Great Marlborough Street","London","England","W1F 7","GBR"
"58","4","-0.138009080637933","51.51243205067","Warwick Street","4 Carnaby Street","London","England","W1F 9","GBR"
"59","1","-0.1376948393542","51.515599389136398","Castle Street","38 Poland Street","London","England","W1F 7","GBR"
"60","1","-0.137809483349659","51.513143792510597","Broad Street","68 Broadwick Street","London","England","W1F 9","GBR"
"61","3","-0.137928349998022","51.513432887881301","Broad Street","14 Marshall Street","London","England","W1F 7","GBR"
"62","2","-0.137812164710204","51.513277318912699","Broad Street","7 Marshall Street","London","England","W1F 7","GBR"
"63","4","-0.137809483349659","51.513143792510597","Broad Street","68 Broadwick Street","London","England","W1F 9","GBR"
"64","1","-0.137812164710204","51.513277318912699","Broad Street","7 Marshall Street","London","England","W1F 7","GBR"
"65","2","-0.137743109918675","51.513057274286297","Broad Street","68 Broadwick Street","London","England","W1F 9","GBR"
"66","1","-0.137885343477883","51.512279505583003","Warwick Street","31 Carnaby Street","London","England","W1F 9","GBR"
"67","1","-0.137729616122359","51.513166924465999","Broad Street","7 Marshall Street","London","England","W1F 7","GBR"
"68","2","-0.137685998932682","51.514746871835897","Broad Street","3 Great Marlborough Street","London","England","W1F 7","GBR"
"69","4","-0.137729616122359","51.513166924465999","Broad Street","7 Marshall Street","London","England","W1F 7","GBR"
"70","2","-0.137787717631612","51.511756564203402","Warwick Street","33 Golden Square","London","England","W1F 9","GBR"
"71","1","-0.137729203180833","51.513027341869197","Broad Street","68 Broadwick Street","London","England","W1F 9","GBR"
"72","1","-0.137517898618445","51.512429624558798","Broad Street","45 Beak Street","London","England","W1F 9","GBR"
"73","1","-0.137469555563961","51.512383794778501","Broad Street","1 Upper James Street","London","England","W1F 9","GBR"
"74","4","-0.137543615013487","51.512924295068402","Broad Street","2 Marshall Street","London","England","W1F 9","GBR"
"75","3","-0.137517898618445","51.512429624558798","Broad Street","45 Beak Street","London","England","W1F 9","GBR"
"76","2","-0.137396763656547","51.513164179966601","Broad Street","William Blake House, Marshall Street","London","England","W1F 7","GBR"
"77","1","-0.137482521018903","51.512725702543399","Broad Street","54 Marshall Street","London","England","W1F 9","GBR"
"78","2","-0.137543615013487","51.512924295068402","Broad Street","2 Marshall Street","London","England","W1F 9","GBR"
"79","2","-0.137298346448132","51.5134795660477","Broad Street","William Blake House, Broadwick Street","London","England","W1F 7","GBR"
"80","3","-0.137360192613021","51.513114304224899","Broad Street","55 Broadwick Street","London","England","W1F 7","GBR"
"81","2","-0.137298346448132","51.5134795660477","Broad Street","William Blake House, Broadwick Street","London","England","W1F 7","GBR"
"82","1","-0.137506477276944","51.5123848925316","Broad Street","7 Upper James Street","London","England","W1F 9","GBR"
"83","1","-0.137298346448132","51.5134795660477","Broad Street","William Blake House, Broadwick Street","London","England","W1F 7","GBR"
"84","2","-0.137409801253404","51.512756645831701","Broad Street","2 Marshall Street","London","England","W1F 9","GBR"
"85","5","-0.138314594226917","51.513928557277701","Carnaby Street","City of Westminister Dwellings, Marshall Street","London","England","W1F 7","GBR"
"86","1","-0.137218683298323","51.513502969774102","Broad Street","58 Broadwick Street","London","England","W1F 7","GBR"
"87","2","-0.137360192613021","51.513114304224899","Broad Street","55 Broadwick Street","London","England","W1F 7","GBR"
"88","1","-0.137278057875526","51.512637627554597","Broad Street","51 Beak Street","London","England","W1F 9","GBR"
"89","1","-0.137241802839198","51.512236001250301","Broad Street","1 Upper James Street","London","England","W1F 9","GBR"
"90","3","-0.137360192613021","51.513114304224899","Broad Street","55 Broadwick Street","London","England","W1F 7","GBR"
"91","1","-0.137278057875526","51.512637627554597","Broad Street","51 Beak Street","London","England","W1F 9","GBR"
"92","1","-0.137241802839198","51.512236001250301","Broad Street","1 Upper James Street","London","England","W1F 9","GBR"
"93","1","-0.13718336970352","51.514855258173498","Broad Street","19 Poland Street","London","England","W1F 7","GBR"
"94","1","-0.137298346448132","51.5134795660477","Broad Street","William Blake House, Broadwick Street","London","England","W1F 7","GBR"
"95","2","-0.1372315327064","51.512559303632102","Broad Street","2 Marshall Street","London","England","W1F 9","GBR"
"96","3","-0.137017118009199","51.514462345446503","Broad Street","47 Poland Street","London","England","W1F 8","GBR"
"97","2","-0.137041496363172","51.514642327261903","Broad Street","13 Poland Street","London","England","W1F 8","GBR"
"98","1","-0.137360192613021","51.513114304224899","Broad Street","55 Broadwick Street","London","England","W1F 7","GBR"
"99","1","-0.137007719414718","51.512644468418301","Broad Street","57 Beak Street","London","England","W1F 9","GBR"
"100","4","-0.136926526745227","51.5132417827921","Broad Street","47 Broadwick Street","London","England","W1F 7","GBR"
"101","2","-0.136986332389048","51.5125732198604","Broad Street","40 Beak Street","London","England","W1F 9","GBR"
"102","3","-0.136935737319967","51.514483340660597","Broad Street","11 Poland Street","London","England","W1F 8","GBR"
"103","2","-0.136902134862788","51.5133113618108","Broad Street","56 Broadwick Street","London","England","W1F 7","GBR"
"104","1","-0.136885133361741","51.512686212363903","Broad Street","61 Beak Street","London","England","W1F 9","GBR"
"105","3","-0.136850981060856","51.514219004849899","Broad Street","53 Poland Street","London","England","W1F 8","GBR"
"106","3","-0.136739958203834","51.513363578330797","Broad Street","52 Broadwick Street","London","England","W1F 7","GBR"
"107","18","-0.136829220096278","51.513273112733799","Broad Street","45 Broadwick Street","London","England","W1F 7","GBR"
"108","3","-0.136796503492113","51.514912617177302","Berners Street","18 Noel Street","London","England","W1F 8","GBR"
"109","1","-0.136784506174271","51.512720193600003","Broad Street","71 Beak Street","London","England","W1F 9","GBR"
"110","1","-0.136729595379691","51.514182665761801","Broad Street","7 Poland Street","London","England","W1F 8","GBR"
"111","1","-0.136688674460084","51.513986323987503","Broad Street","56 Poland Street","London","England","W1F 8","GBR"
"112","3","-0.136731914755324","51.5133044426277","Broad Street","43 Broadwick Street","London","England","W1F 7","GBR"
"113","1","-0.136739958203834","51.513363578330797","Broad Street","52 Broadwick Street","London","England","W1F 7","GBR"
"114","1","-0.136674998194371","51.513966716160098","Broad Street","56 Poland Street","London","England","W1F 8","GBR"
"115","3","-0.136729595379691","51.514182665761801","Broad Street","7 Poland Street","London","England","W1F 8","GBR"
"116","1","-0.136683878895704","51.512754173849203","Broad Street","73 Beak Street","London","England","W1F 9","GBR"
"117","4","-0.136731914755324","51.5133044426277","Broad Street","43 Broadwick Street","London","England","W1F 7","GBR"
"118","4","-0.136564001861124","51.513407228280201","Broad Street","48 Broadwick Street","London","England","W1F 7","GBR"
"119","2","-0.13648991139426","51.513701354711401","Broad Street","60 Poland Street","London","England","W1F 8","GBR"
"120","1","-0.136485080715731","51.5149852481645","Berners Street","20 Noel Street","London","England","W1F 8","GBR"
"121","1","-0.13654123925528","51.512739968207804","Broad Street","21 Great Pulteney Street","London","England","W1F 9","GBR"
"122","1","-0.136506171322518","51.513275889295002","Broad Street","51 Lexington Street","London","England","W1F 0","GBR"
"123","1","-0.13656473715018","51.512794680348797","Broad Street","75 Beak Street","London","England","W1F 9","GBR"
"124","1","-0.136522090218841","51.513418262082197","Broad Street","46 Broadwick Street","London","England","W1F 7","GBR"
"125","1","-0.136466840887401","51.512605995668402","Broad Street","24 Great Pulteney Street","London","England","W1F 9","GBR"
"126","1","-0.136501645167453","51.513855864606199","Broad Street","1a Poland Street","London","England","W1F 8","GBR"
"127","1","-0.136581232955252","51.5121993150224","Bridle Street","Golden House, Great Pulteney Street","London","England","W1F 9","GBR"
"128","2","-0.13656473715018","51.512794680348797","Broad Street","75 Beak Street","London","England","W1F 9","GBR"
"129","5","-0.136376144923242","51.513105955106099","Broad Street","47 Lexington Street","London","England","W1F 0","GBR"
"130","2","-0.136456550598113","51.5145195376126","Broad Street","14 D'Arblay Street","London","England","W1F 8","GBR"
"131","1","-0.136320554399632","51.515336844567301","Berners Street","48 Berwick Street","London","England","W1F 8","GBR"
"132","2","-0.136425429139033","51.513297811754498","Broad Street","33 Broadwick Street","London","England","W1F 0","GBR"
"133","1","-0.136374458086194","51.512492257853403","Broad Street","24 Great Pulteney Street","London","England","W1F 9","GBR"
"134","1","-0.136327573950274","51.512884545503901","Broad Street","41 Lexington Street","London","England","W1F 0","GBR"
"135","1","-0.13601869206478","51.512175773846899","Bridle Street","9 Great Pulteney Street","London","England","W1F 9","GBR"
"136","2","-0.136425429139033","51.513297811754498","Broad Street","33 Broadwick Street","London","England","W1F 0","GBR"
"137","1","-0.13628207441065","51.512378518139499","Bridle Street","25 Great Pulteney Street","London","England","W1F 9","GBR"
"138","1","-0.136194929670552","51.5142421020266","Broad Street","3 Portland Mews","London","England","W1F 8","GBR"
"139","2","-0.136287364868338","51.5129994331866","Broad Street","43 Lexington Street","London","England","W1F 0","GBR"
"140","1","-0.136400344290206","51.512792786890401","Broad Street","52 Beak Street","London","England","W1F 9","GBR"
"141","1","-0.13601869206478","51.512175773846899","Bridle Street","9 Great Pulteney Street","London","England","W1F 9","GBR"
"142","1","-0.136260435243138","51.514579133422401","Broad Street","12 D'Arblay Street","London","England","W1F 8","GBR"
"143","1","-0.136295976748825","51.513424196698999","Broad Street","33 Broadwick Street","London","England","W1F 0","GBR"
"144","1","-0.13628207441065","51.512378518139499","Bridle Street","25 Great Pulteney Street","London","England","W1F 9","GBR"
"145","1","-0.136210842283151","51.513026592496502","Broad Street","40 Lexington Street","London","England","W1F 0","GBR"
"146","2","-0.136160099435212","51.514292457024801","Broad Street","11 Portland Mews","London","England","W1F 8","GBR"
"147","1","-0.136165747983893","51.514546898020598","Broad Street","25 D'Arblay Street","London","England","W1F 8","GBR"
"148","3","-0.136210842283151","51.513026592496502","Broad Street","40 Lexington Street","London","England","W1F 0","GBR"
"149","2","-0.136254308728358","51.513436216729502","Broad Street","33 Broadwick Street","London","England","W1F 0","GBR"
"150","4","-0.13618589206892","51.513507940835098","Broad Street","34 Broadwick Street","London","England","W1F 8","GBR"
"151","2","-0.136003727916481","51.513974449774302","Broad Street","10 Livonia Street","London","England","W1F 8","GBR"
"152","4","-0.136111647427515","51.512816421836199","Broad Street","33 Lexington Street","London","England","W1F 0","GBR"
"153","1","-0.13601869206478","51.512175773846899","Bridle Street","9 Great Pulteney Street","London","England","W1F 9","GBR"
"154","1","-0.136043872857733","51.514023249409703","Broad Street","6 Portland Mews","London","England","W1F 8","GBR"
"155","1","-0.136081697176383","51.514572438752701","Broad Street","26 D'Arblay Street","London","England","W1F 8","GBR"
"156","1","-0.136024858971864","51.513541406151198","Broad Street","34 Broadwick Street","London","England","W1F 8","GBR"
"157","2","-0.136158357060518","51.5134558642333","Broad Street","33 Broadwick Street","London","England","W1F 0","GBR"
"158","1","-0.13601869206478","51.512175773846899","Bridle Street","9 Great Pulteney Street","London","England","W1F 9","GBR"
"159","5","-0.136003727916481","51.513974449774302","Broad Street","10 Livonia Street","London","England","W1F 8","GBR"
"160","1","-0.136111647427515","51.512816421836199","Broad Street","33 Lexington Street","London","England","W1F 0","GBR"
"161","1","-0.136116500145209","51.5129231940588","Broad Street","1 Silver Place","London","England","W1F 0","GBR"
"162","1","-0.136034123900581","51.514872724451699","Berners Street","70 Berwick Street","London","England","W1F 8","GBR"
"163","2","-0.13601869206478","51.512175773846899","Bridle Street","9 Great Pulteney Street","London","England","W1F 9","GBR"
"164","1","-0.13575953073195","51.513620782793701","Broad Street","30 Broadwick Street","London","England","W1F 8","GBR"
"165","1","-0.135977852593661","51.513002084780403","Broad Street","7 Silver Place","London","England","W1F 0","GBR"
"166","1","-0.135958204329815","51.512768562217502","Broad Street","36 Lexington Street","London","England","W1F 0","GBR"
"167","1","-0.135997647715925","51.514597979458202","Broad Street","27 D'Arblay Street","London","England","W1F 8","GBR"
"168","3","-0.135976169675731","51.513501052882503","Broad Street","16 Ingestre Place","London","England","W1F 0","GBR"
"169","3","-0.135983471354664","51.512691901115303","Broad Street","29 Lexington Street","London","England","W1F 0","GBR"
"170","4","-0.136003727916481","51.513974449774302","Broad Street","10 Livonia Street","London","England","W1F 8","GBR"
"171","1","-0.13601869206478","51.512175773846899","Bridle Street","9 Great Pulteney Street","London","England","W1F 9","GBR"
"172","2","-0.136120999107436","51.512894641149202","Broad Street","38 Lexington Street","London","England","W1F 0","GBR"
"173","1","-0.135890978739113","51.514061549048101","Broad Street","7 Livonia Street","London","England","W1F 8","GBR"
"174","4","-0.13575953073195","51.513620782793701","Broad Street","30 Broadwick Street","London","England","W1F 8","GBR"
"175","1","-0.135977852593661","51.513002084780403","Broad Street","7 Silver Place","London","England","W1F 0","GBR"
"176","2","-0.135926960086313","51.512636734758402","Broad Street","27 Lexington Street","London","England","W1F 0","GBR"
"177","4","-0.135863862475465","51.511936581757197","Bridle Street","35 Great Pulteney Street","London","England","W1F 9","GBR"
"178","2","-0.136120999107436","51.512894641149202","Broad Street","38 Lexington Street","London","England","W1F 0","GBR"
"179","1","-0.13569492759631","51.514132290229703","Broad Street","81 Berwick Street","London","England","W1F 8","GBR"
"180","5","-0.13575953073195","51.513620782793701","Broad Street","30 Broadwick Street","London","England","W1F 8","GBR"
"181","1","-0.135794426109469","51.513060771989501","Broad Street","6 Silver Place","London","England","W1F 0","GBR"
"182","2","-0.135655672658234","51.514083210015201","Broad Street","82 Berwick Street","London","England","W1F 8","GBR"
"183","1","-0.135826099235658","51.512537522801203","Bridle Street","23 Lexington Street","London","England","W1F 0","GBR"
"184","1","-0.135797329353955","51.513302769010998","Broad Street","16 Ingestre Place","London","England","W1F 0","GBR"
"185","2","-0.13557072292461","51.513070703563898","Broad Street","11 Ingestre Place","London","England","W1F 0","GBR"
"186","2","-0.13601869206478","51.512175773846899","Bridle Street","9 Great Pulteney Street","London","England","W1F 9","GBR"
"187","1","-0.135834749764499","51.515152869412098","Berners Street","25 Noel Street","London","England","W1F 8","GBR"
"188","1","-0.13575953073195","51.513620782793701","Broad Street","30 Broadwick Street","London","England","W1F 8","GBR"
"189","2","-0.13569492759631","51.514132290229703","Broad Street","81 Berwick Street","London","England","W1F 8","GBR"
"190","1","-0.135794426109469","51.513060771989501","Broad Street","6 Silver Place","London","England","W1F 0","GBR"
"191","3","-0.135797329353955","51.513302769010998","Broad Street","16 Ingestre Place","London","England","W1F 0","GBR"
"192","1","-0.13601869206478","51.512175773846899","Bridle Street","9 Great Pulteney Street","London","England","W1F 9","GBR"
"193","1","-0.135623232969645","51.513100650506701","Broad Street","2 Silver Place","London","England","W1F 0","GBR"
"194","2","-0.135611002040385","51.513119458974103","Broad Street","12 Ingestre Place","London","England","W1F 0","GBR"
"195","1","-0.135671666439338","51.514418727868602","Broad Street","77 Berwick Street","London","England","W1F 8","GBR"
"196","2","-0.135751801403222","51.512566977535201","Bridle Street","Lexington House, Lexington Street","London","England","W1F 0","GBR"
"197","3","-0.13601869206478","51.512175773846899","Bridle Street","9 Great Pulteney Street","London","England","W1F 9","GBR"
"198","4","-0.13557072292461","51.513070703563898","Broad Street","11 Ingestre Place","London","England","W1F 0","GBR"
"199","2","-0.135578652398578","51.5143019321916","Broad Street","79 Berwick Street","London","England","W1F 8","GBR"
"200","1","-0.13561930879864","51.5144764425104","Broad Street","34 Berwick Street","London","England","W1F 8","GBR"
"201","3","-0.13575953073195","51.513620782793701","Broad Street","30 Broadwick Street","London","England","W1F 8","GBR"
"202","1","-0.135597562539824","51.513069405009297","Broad Street","11 Ingestre Place","London","England","W1F 0","GBR"
"203","2","-0.135457981345223","51.514686553867101","Berners Street","33 D'Arblay Street","London","England","W1F 8","GBR"
"204","1","-0.135597562539824","51.513069405009297","Broad Street","11 Ingestre Place","London","England","W1F 0","GBR"
"205","1","-0.135513007671733","51.514342962469897","Broad Street","31 Berwick Street","London","England","W1F 8","GBR"
"206","3","-0.135377116215837","51.513746060566497","Broad Street","23 Broadwick Street","London","England","W1F 8","GBR"
"207","1","-0.13569492759631","51.514132290229703","Broad Street","81 Berwick Street","London","England","W1F 8","GBR"
"208","1","-0.135513007671733","51.514342962469897","Broad Street","31 Berwick Street","London","England","W1F 8","GBR"
"209","5","-0.135377116215837","51.513746060566497","Broad Street","23 Broadwick Street","London","England","W1F 8","GBR"
"210","1","-0.135597562539824","51.513069405009297","Broad Street","11 Ingestre Place","London","England","W1F 0","GBR"
"211","3","-0.135412990434977","51.514099079643202","Broad Street","82 Berwick Street","London","England","W1F 8","GBR"
"212","1","-0.13534578212644","51.515160465865002","Berners Street","181 Wardour Street","London","England","W1F 8","GBR"
"213","1","-0.135470385628089","51.512198304543297","Bridle Street","13 Lexington Street","London","England","W1F 0","GBR"
"214","1","-0.13533520960268","51.514124819837598","Broad Street","29 Berwick Street","London","England","W1F 8","GBR"
"215","5","-0.135297937877004","51.513964819775502","Broad Street","18 Broadwick Street","London","England","W1F 8","GBR"
"216","2","-0.135597562539824","51.513069405009297","Broad Street","11 Ingestre Place","London","England","W1F 0","GBR"
"217","1","-0.135367914554386","51.513530860831501","Broad Street","17 Broadwick Street","London","England","W1F 8","GBR"
"218","1","-0.135333130769117","51.512081631725799","Bridle Street","9 Lexington Street","London","England","W1F 0","GBR"
"219","2","-0.13533520960268","51.514124819837598","Broad Street","29 Berwick Street","London","England","W1F 8","GBR"
"220","1","-0.135399314289035","51.512230695372601","Bridle Street","6 Lexington Street","London","England","W1F 0","GBR"
"221","2","-0.13513392052367","51.513522018257902","Broad Street","15 Broadwick Street","London","England","W1F 8","GBR"
"222","1","-0.135335500582385","51.513697741018298","Broad Street","17 Broadwick Street","London","England","W1F 8","GBR"
"223","1","-0.135220524763075","51.5151225627488","Berners Street","Paramount House, Wardour Street","London","England","W1F 8","GBR"
"224","7","-0.134841048151935","51.512850754841203","Rupert Street","7 Ingestre Place","London","England","","GBR"
"225","2","-0.135089508249157","51.513474672695502","Broad Street","96 Berwick Street","London","England","W1F 0","GBR"
"226","1","-0.135335500582385","51.513697741018298","Broad Street","17 Broadwick Street","London","England","W1F 8","GBR"
"227","2","-0.13522026209426","51.513990680284401","Broad Street","16 Broadwick Street","London","England","W1F 8","GBR"
"228","1","-0.135038436681016","51.513167433243602","Broad Street","96 Berwick Street","London","England","W1F 0","GBR"
"229","1","-0.13513392052367","51.513522018257902","Broad Street","15 Broadwick Street","London","England","W1F 8","GBR"
"230","1","-0.135038436681016","51.513167433243602","Broad Street","96 Berwick Street","London","England","W1F 0","GBR"
"231","1","-0.135145602595859","51.512026395559097","Bridle Street","6 Lexington Street","London","England","W1F 0","GBR"
"232","3","-0.134841048151935","51.512850754841203","Rupert Street","7 Ingestre Place","London","England","","GBR"
"233","4","-0.13509712262146","51.511913080345501","Bridle Street","3 Lexington Street","London","England","W1F 0","GBR"
"234","5","-0.135038436681016","51.513167433243602","Broad Street","96 Berwick Street","London","England","W1F 0","GBR"
"235","2","-0.13513392052367","51.513522018257902","Broad Street","15 Broadwick Street","London","England","W1F 8","GBR"
"236","1","-0.134926307691516","51.515474363983401","Newman Street","16 Hollen Street","London","England","W1F 8","GBR"
"237","1","-0.134979512065691","51.513899369636697","Broad Street","9 Broadwick Street","London","England","W1F 8","GBR"
"238","3","-0.134828425072599","51.5125738950222","Rupert Street","1 Peter Street","London","England","","GBR"
"239","1","-0.134784974015837","51.512526204959002","Rupert Street","20 Peter Street","London","England","W1F 0","GBR"
"240","1","-0.134663543462455","51.512047224551402","Rupert Street","30 Brewer Street","London","England","W1F 0","GBR"
"241","1","-0.134841048151935","51.512850754841203","Rupert Street","7 Ingestre Place","London","England","","GBR"
"242","3","-0.134805562885158","51.513418531976299","Rupert Street","95 Berwick Street","London","England","W1F 0","GBR"
"243","1","-0.134836220770977","51.511954727861898","Bridle Street","30 Brewer Street","London","England","W1F 0","GBR"
"244","1","-0.134834053504868","51.513563338578699","Broad Street","16 Berwick Street","London","England","W1F 0","GBR"
"245","1","-0.134858083862767","51.513999683292298","Broad Street","6 Broadwick Street","London","England","W1F 8","GBR"
"246","1","-0.13480221340205","51.514445243954498","Newman Street","157 Wardour Street","London","England","W1F 8","GBR"
"247","2","-0.134784974015837","51.512526204959002","Rupert Street","20 Peter Street","London","England","W1F 0","GBR"
"248","1","-0.13459362220288","51.514894509557003","Newman Street","142 Wardour Street","London","England","W1F 8","GBR"
"249","1","-0.13467391445183","51.513732916617201","Rupert Street","5 Duck Lane","London","England","W1F 8","GBR"
"250","1","-0.134784974015837","51.512526204959002","Rupert Street","20 Peter Street","London","England","W1F 0","GBR"
"251","1","-0.134784974015837","51.512526204959002","Rupert Street","20 Peter Street","London","England","W1F 0","GBR"
"252","2","-0.134678910789413","51.513389539801601","Rupert Street","12 Berwick Street","London","England","W1F 0","GBR"
"253","1","-0.13467391445183","51.513732916617201","Rupert Street","5 Duck Lane","London","England","W1F 8","GBR"
"254","1","-0.134682281265336","51.514418210425099","Newman Street","128 Wardour Street","London","England","W1F 8","GBR"
"255","1","-0.134640344890666","51.513345674740101","Rupert Street","11 Berwick Street","London","England","W1F 0","GBR"
"256","1","-0.134739798917873","51.512746027066598","Rupert Street","1 Hopkins Street","London","England","",""
"257","1","-0.134629428606462","51.514229105264398","Newman Street","Arlette House, Wardour Street","London","England","W1F 8","GBR"
"258","2","-0.134564300854135","51.513258255385701","Rupert Street","9 Berwick Street","London","England","W1F 0","GBR"
"259","1","-0.134565220062613","51.514028225131298","Rupert Street","7 Broadwick Street","London","England","W1F 8","GBR"
"260","9","-0.134661355690742","51.5125830298823","Rupert Street","18 Peter Street","London","England","W1F 0","GBR"
"261","1","-0.134526279056169","51.513214543895202","Rupert Street","8 Berwick Street","London","England","W1F 0","GBR"
"262","1","-0.134502055034988","51.515869857361501","Newman Street","4 Great Chapel Street","London","England","W1D 2","GBR"
"263","2","-0.134465741834688","51.512398883812502","Rupert Street","7 Greens Court","London","England","W1F 0","GBR"
"264","1","-0.134774010849192","51.511824509498098","Rupert Street","25 Great Windmill Street","London","England","W1D 7","GBR"
"265","1","-0.134502055034988","51.515869857361501","Newman Street","4 Great Chapel Street","London","England","W1D 2","GBR"
"266","1","-0.134560242323638","51.5120956884968","Rupert Street","30 Brewer Street","London","England","W1F 0","GBR"
"267","2","-0.134444478301672","51.514137558380597","Newman Street","118 Wardour Street","London","England","W1F 8","GBR"
"268","2","-0.134450235506079","51.513127123573803","Rupert Street","7 Berwick Street","London","England","W1F 0","GBR"
"269","1","-0.134678910789413","51.513389539801601","Rupert Street","12 Berwick Street","London","England","W1F 0","GBR"
"270","1","-0.134408526473246","51.512165671994197","Rupert Street","22a Brewer Street","London","England","W1F 0","GBR"
"271","1","-0.134457462269133","51.512490499098099","Rupert Street","3 Greens Court","London","England","W1F 0","GBR"
"272","2","-0.134355559159024","51.514049337560699","Rupert Street","116 Wardour Street","London","England","W1F 0","GBR"
"273","2","-0.134465741834688","51.512398883812502","Rupert Street","7 Greens Court","London","England","W1F 0","GBR"
"274","1","-0.134412213810343","51.513083413844797","Rupert Street","6 Berwick Street","London","England","W1F 0","GBR"
"275","1","-0.134474539159377","51.511303173155497","Rupert Street","37 Great Windmill Street","London","England","W1D 7","GBR"
"276","8","-0.134374190803425","51.513039703171202","Rupert Street","5 Berwick Street","London","England","W1F 0","GBR"
"277","1","-0.13451306121001","51.514211473129102","Newman Street","14 St Annes Court","London","England","W1F 0","GBR"
"278","1","-0.134355559159024","51.514049337560699","Rupert Street","116 Wardour Street","London","England","W1F 0","GBR"
"279","2","-0.134336169251037","51.512995993419302","Rupert Street","4 Berwick Street","London","England","W1F 0","GBR"
"280","1","-0.134260125061618","51.513807480599802","Rupert Street","129 Wardour Street","London","England","W1F 0","GBR"
"281","2","-0.134287586819858","51.514562951167001","Newman Street","17 St Annes Court","London","England","W1F 0","GBR"
"282","1","-0.134260143377457","51.512908555409098","Rupert Street","2 Berwick Street","London","England","W1F 0","GBR"
"283","1","-0.134155220457218","51.513661168948403","Rupert Street","123 Wardour Street","London","England","W1F 0","GBR"
"284","5","-0.134179676153595","51.5138298188349","Rupert Street","102 Wardour Street","London","England","W1F 0","GBR"
"285","1","-0.134287586819858","51.514562951167001","Newman Street","17 St Annes Court","London","England","W1F 0","GBR"
"286","2","-0.134135466612041","51.513632149950901","Rupert Street","123 Wardour Street","London","England","W1F 0","GBR"
"287","1","-0.134200572501885","51.514045759738799","Rupert Street","116 Wardour Street","London","England","W1F 0","GBR"
"288","1","-0.133923373086834","51.513312931142103","Rupert Street","111 Wardour Street","London","England","W1F 0","GBR"
"289","1","-0.134169203026049","51.5111022122774","Tichborne Street","41 Great Windmill Street","London","England","W1D 7","GBR"
"290","1","-0.134120753894204","51.510648626292301","Tichborne Street","19 Shaftesbury Avenue","London","England","W1D 7","GBR"
"291","1","-0.134074773144395","51.513683508048302","Rupert Street","101 Wardour Street","London","England","W1F 0","GBR"
"292","1","-0.134150075662722","51.5122856862776","Rupert Street","16 Brewer Street","London","England","W1F 0","GBR"
"293","2","-0.133756936575466","51.514705303378101","Newman Street","7 Carlisle Street","London","England","W1D 3","GBR"
"294","2","-0.134029420179093","51.513472541057297","Rupert Street","117 Wardour Street","London","England","W1F 0","GBR"
"295","2","-0.134200572501885","51.514045759738799","Rupert Street","116 Wardour Street","London","England","W1F 0","GBR"
"296","1","-0.134001034805242","51.513573293937597","Rupert Street","96 Wardour Street","London","England","W1F 0","GBR"
"297","1","-0.133948012576221","51.513493488564599","Rupert Street","96 Wardour Street","London","England","W1F 0","GBR"
"298","1","-0.134183353528466","51.512201391012603","Rupert Street","17 Brewer Street","London","England","W1F 0","GBR"
"299","1","-0.133756936575466","51.514705303378101","Newman Street","7 Carlisle Street","London","England","W1D 3","GBR"
"300","1","-0.133670770724759","51.512148276301303","Rupert Street","57 Rupert Street","London","England","W1F 0","GBR"
"301","1","-0.133314928696783","51.514234850797898","Rupert Street","3 Richmond Buildings","London","England","W1D 3","GBR"
"302","1","-0.134018472555472","51.512579250579499","Rupert Street","4 Walkers Court","London","England","W1F 0","GBR"
"303","1","-0.133756936575466","51.514705303378101","Newman Street","7 Carlisle Street","London","England","W1D 3","GBR"
"304","5","-0.133756936575466","51.514705303378101","Newman Street","7 Carlisle Street","London","England","W1D 3","GBR"
"305","1","-0.133920469313182","51.512859762702497","Rupert Street","30 Peter Street","London","England","W1F 0","GBR"
"306","1","-0.133756936575466","51.514705303378101","Newman Street","7 Carlisle Street","London","England","W1D 3","GBR"
"307","1","-0.133756936575466","51.514705303378101","Newman Street","7 Carlisle Street","London","England","W1D 3","GBR"
"308","1","-0.13385945113532","51.512407429870102","Rupert Street","10 Brewer Street","London","England","W1F 0","GBR"
"309","1","-0.133575760064234","51.512533576798504","Rupert Street","6 Brewer Street","London","England","W1F 0","GBR"
"310","4","-0.133756936575466","51.514705303378101","Newman Street","7 Carlisle Street","London","England","W1D 3","GBR"
"311","1","-0.133756936575466","51.514705303378101","Newman Street","7 Carlisle Street","London","England","W1D 3","GBR"
"312","1","-0.133420584639244","51.5131512956807","Rupert Street","78 Wardour Street","London","England","W1F 0","GBR"
"313","2","-0.133179227178923","51.514566483703","Newman Street","81 Dean Street","London","England","W1D 3","GBR"
"314","1","-0.133179227178923","51.514566483703","Newman Street","81 Dean Street","London","England","W1D 3","GBR"
"315","1","-0.133236696221511","51.511659839678501","Rupert Street","33 Shaftesbury Avenue","London","England","W1D 7","GBR"
"316","2","-0.13331304644446","51.5131330921512","Rupert Street","15 Meard Street","London","England","W1F 0","GBR"
"317","1","-0.133420584639244","51.5131512956807","Rupert Street","78 Wardour Street","London","England","W1F 0","GBR"
"318","1","-0.132919720518313","51.513266117033901","Rupert Street","7 Meard Street","London","England","W1D 3","GBR"
"319","1","-0.132529026017933","51.513074097302898","King Street","63 Dean Street","London","England","W1D 4","GBR"
"320","1","-0.132754953763738","51.511166527857903","Rupert Street","32 Rupert Street","London","England","W1D 6","GBR"
"321","1","-0.13269122701062","51.511054000661403","Rupert Street","7 Rupert Court","London","England","W1D 6","GBR"
"322","2","-0.138595098896646","51.513469814311101","Carnaby Street","3 Newburgh Street","London","England","W1F 7","GBR"